{"name":"QnABedrockIntent","identifier":"UPS2BCEW6Z","description":null,"parentIntentSignature":"AMAZON.QnAIntent","sampleUtterances":null,"intentConfirmationSetting":null,"intentClosingSetting":null,"inputContexts":null,"outputContexts":null,"kendraConfiguration":null,"qnAIntentConfiguration":{"dataSourceConfiguration":{"kendraConfiguration":null,"opensearchConfiguration":null,"bedrockKnowledgeStoreConfiguration":{"exactResponse":false,"bedrockKnowledgeBaseArn":"arn:aws:bedrock:us-east-1:656955742317:knowledge-base/XGGCBXWWIE","bkbExactResponseFields":null}},"bedrockModelConfiguration":{"modelArn":"arn:aws:bedrock:us-east-1::foundation-model/anthropic.claude-instant-v1","customPrompt":null,"bedrockGuardrailConfiguration":null,"bedrockTraceStatus":null}},"bedrockAgentIntentConfiguration":null,"qInConnectIntentConfiguration":null,"dialogCodeHook":null,"fulfillmentCodeHook":{"isActive":true,"postFulfillmentStatusSpecification":{"failureResponse":null,"failureNextStep":{"sessionAttributes":null,"dialogAction":{"type":"EndConversation","slotToElicit":null,"suppressNextMessage":null},"intent":null},"successResponse":{"messageGroupsList":[{"message":{"ssmlMessage":null,"customPayload":null,"plainTextMessage":{"value":"((x-amz-lex:qnA-search-response))"},"imageResponseCard":null},"variations":null}],"allowInterrupt":true},"successNextStep":{"sessionAttributes":null,"dialogAction":{"type":"EndConversation","slotToElicit":null,"suppressNextMessage":null},"intent":{"name":null,"slots":null}},"timeoutResponse":null,"timeoutNextStep":{"sessionAttributes":null,"dialogAction":{"type":"EndConversation","slotToElicit":null,"suppressNextMessage":null},"intent":null}},"fulfillmentUpdatesSpecification":null,"enabled":false},"slotPriorities":[]}